[
  {
    "Name": "MyLibrary",
    "Entrys":[
      {
        "Type": "Film",
        "Titolo": "Donec interdum",
        "Desc": "Lorem ipsum dolor sit amet, consectetur adipiscing elit. Morbi aliquet lacinia purus, id pretium diam placerat in. Nunc rutrum ante ornare sodales ultricies. Etiam nec odio varius nunc ultricies porttitor. In euismod ac dolor in mollis. Aliquam mattis pharetra erat sit amet consectetur. Vivamus efficitur sodales nulla, vitae pellentesque leo venenatis sit amet. Praesent ligula purus, rhoncus ac orci eget, rhoncus interdum diam. ",
        "Size": 2023.9,
        "Format": "mp4"
      },
      {
        "Type": "File Generico",
        "Titolo": "Curabitur ultrices",
        "Desc": "Duis nulla odio, vehicula in enim non, viverra accumsan diam. Etiam ipsum nulla, finibus eu dolor ut, gravida finibus arcu. Nunc at nibh nisl. Curabitur eu luctus odio. Ut vitae interdum mauris. Donec euismod justo ac faucibus consectetur. Integer ultricies, risus non ornare mollis, nulla est pretium magna, non auctor ipsum lectus eu risus. Fusce suscipit neque eget augue posuere tristique. Praesent convallis eu dolor eget elementum. Vivamus urna erat, volutpat et nunc sed, sollicitudin blandit orci. Pellentesque id imperdiet felis, vel suscipit justo. Cras sit amet purus mauris. Praesent id erat ornare, auctor massa ac, vestibulum augue. ",
        "Size": 553.0,
        "Format": "mp4"
      },
      {
        "Type": "Immagine",
        "Titolo": "Donec mattis",
        "Desc": "Proin dictum id massa sed semper. Donec a sapien eleifend, porttitor metus vitae, tristique nulla. Sed vulputate diam id lorem consectetur ullamcorper. Aenean ornare est at est iaculis, eu luctus est condimentum. Nam nec lacus et ex egestas pellentesque. Aliquam hendrerit vitae mauris ac porttitor. In tincidunt erat sem, in fringilla ex imperdiet vitae. Vestibulum luctus erat a sem sollicitudin lobortis. Praesent vestibulum et est a tincidunt. Curabitur at felis scelerisque, consectetur risus ut, convallis enim.",
        "Size": 448.4,
        "Format": "jpg"
      },
      {
        "Type": "Film",
        "Titolo": "Nulla varius",
        "Desc": "Orci varius natoque penatibus et magnis dis parturient montes, nascetur ridiculus mus. Aenean iaculis laoreet ex, id elementum elit. In mattis lacinia iaculis. Aliquam aliquet ullamcorper mauris, et dictum urna. Fusce dapibus sed tortor at dignissim. Nullam luctus, lectus ut ornare congue, nisi purus molestie est, non blandit ex massa quis lorem. Proin dignissim cursus tortor et luctus. Morbi id viverra felis. Maecenas ornare sem nulla, ut euismod ante feugiat vel. Mauris porttitor volutpat lectus, vel vehicula quam facilisis a. In hac habitasse platea dictumst. Donec placerat lectus nulla, a vestibulum dui sollicitudin eu. Suspendisse ac faucibus felis, ut dictum velit. Nam non tempus tortor. Suspendisse vitae lectus lacus.",
        "Size": 361.2,
        "Format": "mkv"
      },
      {
        "Type": "Film",
        "Titolo": "Sed sit",
        "Desc": "Maecenas in tristique metus. Ut tincidunt mauris in congue pellentesque. Etiam vulputate justo ex, sit amet venenatis lectus gravida ut. Duis a elit vitae ante volutpat rhoncus. Phasellus at ligula ac neque commodo tincidunt. Phasellus quis imperdiet leo, at venenatis risus. Ut sapien magna, tincidunt nec imperdiet et, auctor condimentum lorem. Donec efficitur, nisl in pharetra convallis, magna odio hendrerit risus, suscipit vestibulum quam libero vel urna. Fusce efficitur augue auctor, ullamcorper nisi ultricies, mattis felis.",
        "Size": 2259.1,
        "Format": "avi"
      },
      {
        "Type": "File Generico",
        "Titolo": "eget",
        "Desc": "Curabitur id lectus lorem. Morbi mattis neque metus, vitae lacinia neque convallis ac. Etiam vestibulum lacus a velit tincidunt maximus. Nulla vehicula nunc et elit ornare, nec pretium eros eleifend. Fusce cursus lorem sed tincidunt dapibus. In tempor erat quis mi dapibus, non tincidunt ipsum vehicula. Nam nec tellus sapien.",
        "Size": 1031.3,
        "Format": "json"
      }
    ]
  },
  {
    "Name": "Another One",
    "Entrys":[
      {
        "Type": "Immagine",
        "Titolo": "nec",
        "Desc": "Vestibulum feugiat dui ut leo viverra, eu efficitur nisi efficitur. Nulla est ligula, pharetra ac libero ac, tincidunt efficitur purus. Nulla facilisi. Nunc eget vestibulum arcu. Morbi auctor ante sem. Donec consectetur dignissim lorem vitae ornare. Lorem ipsum dolor sit amet, consectetur adipiscing elit. In hac habitasse platea dictumst. In a purus ut sapien mattis rutrum. Ut ut velit a ex efficitur rhoncus. Etiam ac venenatis justo. Morbi congue eleifend diam, sed congue enim venenatis quis. Mauris nisi dui, viverra vitae magna ut, semper lobortis sem. ",
        "Size": 9611.4,
        "Format": "png"
      },
      {
        "Type": "Immagine",
        "Titolo": "Integer",
        "Desc": "Praesent iaculis est at massa pharetra, sit amet blandit felis elementum. Interdum et malesuada fames ac ante ipsum primis in faucibus. Nulla facilisi. Duis euismod convallis mauris. Aenean eget volutpat purus. Praesent luctus, nunc in molestie commodo, purus ex hendrerit est, vitae aliquam sapien quam ac urna. Maecenas ac odio tempor, euismod nunc a, vulputate turpis. Integer in velit magna. Morbi iaculis lobortis eros, non elementum lectus. Praesent laoreet nunc sed nulla commodo, at eleifend sapien posuere. Proin et porta ex, in posuere nibh. ",
        "Size": 2736.6,
        "Format": "png"
      },
      {
        "Type": "File Generico",
        "Titolo": "Lorem ipsum",
        "Desc": "Praesent non tortor malesuada, finibus nisl et, iaculis tortor. Quisque diam dui, faucibus a lorem a, placerat dignissim leo. Interdum et malesuada fames ac ante ipsum primis in faucibus. Aenean arcu felis, fringilla vel mattis vel, lobortis ut ligula. Integer venenatis, lectus non pharetra eleifend, purus erat efficitur metus, vitae blandit dolor nulla non ligula. Morbi feugiat, velit ac lobortis consequat, sem nisl varius ante, ut mattis diam massa et dui. Ut ut ipsum ante. Donec posuere magna non nibh posuere aliquam. Duis vel elit ut tellus ullamcorper gravida vel quis sapien. Proin a gravida turpis, eget tincidunt arcu. Nulla accumsan porta enim et sodales. Duis ultricies tincidunt sagittis. ",
        "Size": 2352.7,
        "Format": "png"
      }
    ]
  }
]
