<?xml version="1.0" encoding="UTF-8"?>
<!--File di salvataggio dell'applicazione, non modificare a mano.-->
<root>
    <Movie>
        <Title>bhhbbj</Title>
        <Description>	hj hj hj</Description>
        <ReleaseDate>76</ReleaseDate>
        <Director>bhj</Director>
        <Favorite>true</Favorite>
        <RunningTime>5</RunningTime>
        <AudioCompression>true</AudioCompression>
        <ImageResolution>4</ImageResolution>
        <FPS>4</FPS>
        <Cast>hbjbhhbhb</Cast>
        <Genre>Food</Genre>
        <Rating>All</Rating>
    </Movie>
</root>
