<?xml version="1.0" encoding="UTF-8"?>
<Appuntamenti>
    <Visita>
        <data>12:09:09 20/09/2014</data>
        <paziente>SCRRMN47S27G224J</paziente>
        <descrizione>Visita base</descrizione>
        <Medico>GNVRCR78S07G224X</Medico>
    </Visita>
    <Visita>
        <data>12:09:09 21/09/2014</data>
        <paziente>SECTN69E46G224E</paziente>
        <descrizione>Visita base</descrizione>
        <Medico>GNVRCR78S07G224X</Medico>
    </Visita>
    <Visita>
        <data>12:09:09 22/09/2014</data>
        <paziente>LSSTNT75L25G224Z</paziente>
        <descrizione>Visita base</descrizione>
        <Medico>GNVRCR78S07G224X</Medico>
    </Visita>
    <Donazione>
        <data>12:09:09 23/09/2014</data>
        <paziente>MTLMCH74P56G224B</paziente>
        <descrizione>Donazione plasma</descrizione>
    </Donazione>
    <Visita>
        <data>12:09:09 20/09/2017</data>
        <paziente>LSSTNT75L25G224Z</paziente>
        <descrizione>Visita base</descrizione>
        <Medico>CRSCMN69P66G224H</Medico>
    </Visita>
    <Visita>
        <data>12:09:09 21/09/2017</data>
        <paziente>SECTN69E46G224E</paziente>
        <descrizione>Visita base</descrizione>
        <Medico>GNVRCR78S07G224X</Medico>
    </Visita>
</Appuntamenti>