{
    "Personaggi": [
        {
            "bersagli": "Terra e aria",
            "bf": "Difese",
            "costo": 0,
            "danno": 0,
            "descr": "",
            "distanza": 0,
            "nome": "regina",
            "tempo": 0,
            "tipodanno": "Bersaglio singolo",
            "type": "Difesa",
            "vita": 0
        },
        {
            "bersagli": "Terra e aria",
            "bf": "Difese",
            "costo": 0,
            "danno": 0,
            "descr": "",
            "nome": "re barbaro",
            "spazio": 0,
            "tempo": 0,
            "tipo": "",
            "tipodanno": "Bersaglio singolo",
            "type": "Attacco",
            "velocita": 0,
            "vita": 0
        },
        {
            "bersagli": "Terra e aria",
            "bf": "Difese",
            "costo": 0,
            "danno": 0,
            "descr": "regina",
            "nome": "brbaro",
            "spazio": 0,
            "tempo": 0,
            "tipo": "",
            "tipodanno": "Bersaglio singolo",
            "type": "Attacco",
            "velocita": 0,
            "vita": 0
        },
        {
            "bersagli": "Terra e aria",
            "bf": "Difese",
            "costo": 0,
            "danno": 0,
            "descr": "",
            "nome": "gnegngng",
            "spazio": 0,
            "tempo": 0,
            "tipo": "",
            "tipodanno": "Bersaglio singolo",
            "type": "Attacco",
            "velocita": 0,
            "vita": 0
        },
        {
            "bersagli": "Terra e aria",
            "bf": "Difese",
            "costo": 0,
            "danno": 0,
            "descr": "",
            "distanza": 0,
            "nome": "bbbbbbbbbbbbbb",
            "tempo": 0,
            "tipodanno": "Bersaglio singolo",
            "type": "Difesa",
            "vita": 0
        },
        {
            "bersagli": "Terra e aria",
            "bf": "Risorse",
            "costo": 0,
            "danno": 70,
            "descr": "asgftsthjs",
            "distanza": 0,
            "nome": "gggggggggggggggggggggggggggggg",
            "tempo": 0,
            "tipodanno": "Bersaglio singolo",
            "type": "Difesa",
            "vita": 0
        },
        {
            "bersagli": "Terra e aria",
            "bf": "Difese",
            "costo": 0,
            "danno": 0,
            "descr": "",
            "distanza": 0,
            "nome": "rerere",
            "tempo": 0,
            "tipodanno": "Bersaglio singolo",
            "type": "Difesa",
            "vita": 0
        },
        {
            "bersagli": "Terra e aria",
            "bf": "Difese",
            "costo": 0,
            "danno": 0,
            "descr": "",
            "distanza": 0,
            "nome": "rerere",
            "tempo": 0,
            "tipodanno": "Bersaglio singolo",
            "type": "Difesa",
            "vita": 0
        },
        {
            "bersagli": "Terra e aria",
            "bf": "Difese",
            "costo": 0,
            "danno": 0,
            "descr": "",
            "distanza": 0,
            "nome": "bchdwjfcb",
            "tempo": 0,
            "tipodanno": "Bersaglio singolo",
            "type": "Difesa",
            "vita": 0
        },
        {
            "bersagli": "Terra e aria",
            "bf": "Difese",
            "costo": 0,
            "danno": 0,
            "descr": "",
            "livello": 0,
            "nome": "qqqqqqqqq",
            "tempo": 0,
            "temporig": 0,
            "tipodanno": "Bersaglio singolo",
            "type": "Eroe",
            "vita": 0
        },
        {
            "bersagli": "",
            "bf": "Risorse",
            "costo": 0,
            "danno": 0,
            "descr": "",
            "nome": "ppp",
            "spazio": 0,
            "tempo": 0,
            "tipo": "",
            "tipodanno": "Ad area",
            "type": "Attacco",
            "velocita": 0,
            "vita": 0
        },
        {
            "bersagli": "Aria",
            "bf": "Risorse",
            "costo": 48,
            "danno": 40,
            "descr": "teteey",
            "nome": "drago volante",
            "spazio": 3,
            "tempo": 0,
            "tipo": "truppa",
            "tipodanno": "Ad area",
            "type": "Attacco",
            "velocita": 5,
            "vita": 49
        },
        {
            "bersagli": "Terra e aria",
            "bf": "Difese",
            "costo": 0,
            "danno": 0,
            "descr": "",
            "nome": "aaa",
            "spazio": 0,
            "tempo": 0,
            "tipo": "",
            "tipodanno": "Bersaglio singolo",
            "type": "Attacco",
            "velocita": 0,
            "vita": 0
        }
    ]
}
