<?xml version="1.0" encoding="UTF-8"?>
<legami>
    <ACCOUNT username="admin">
        <quickinfo>admin</quickinfo>
        <quickinfo>admin</quickinfo>
        <quickinfo>admin</quickinfo>
        <quickinfo>admin</quickinfo>
        <quickinfo>0</quickinfo>
        <quickinfo>------</quickinfo>
        <quickinfo>------</quickinfo>
        <quickinfo>admin@admin.it</quickinfo>
        <quickinfo>amministratore sistema</quickinfo>
        <quickinfo>amministrare il sistema</quickinfo>
        <quickinfo>0</quickinfo>
        <quickinfo>0</quickinfo>
        <quickinfo></quickinfo>
        <quickinfo></quickinfo>
        <quickinfo></quickinfo>
    </ACCOUNT>
    <ACCOUNT username="Sech">
        <quickinfo>basic</quickinfo>
        <quickinfo>qwe</quickinfo>
        <quickinfo>Christian</quickinfo>
        <quickinfo>Cardin</quickinfo>
        <quickinfo>0</quickinfo>
        <quickinfo>padova</quickinfo>
        <quickinfo>via loll 123</quickinfo>
        <quickinfo>ccarcin@lol.it</quickinfo>
        <quickinfo>informatica</quickinfo>
        <quickinfo>sviluppo software embedded, progettazione firmware e driver, intercomunicazioni tra dispositivi</quickinfo>
        <quickinfo>637196400</quickinfo>
        <quickinfo>1315272171</quickinfo>
        <quickinfo>3332232323</quickinfo>
        <quickinfo>www.sech.it</quickinfo>
        <quickinfo>informatica, elettronica, astronomia</quickinfo>
    </ACCOUNT>
    <ACCOUNT username="user1">
        <quickinfo>business</quickinfo>
        <quickinfo>qwe</quickinfo>
        <quickinfo>User1</quickinfo>
        <quickinfo>Utente1</quickinfo>
        <quickinfo>1</quickinfo>
        <quickinfo>padova</quickinfo>
        <quickinfo>via unser1</quickinfo>
        <quickinfo>user@us.1</quickinfo>
        <quickinfo>informatica</quickinfo>
        <quickinfo>Promuovere il mio negozio di Computer ed accessori</quickinfo>
        <quickinfo>236988000</quickinfo>
        <quickinfo>1315272949</quickinfo>
        <quickinfo></quickinfo>
        <quickinfo></quickinfo>
        <quickinfo>Informatica, elettronica, componentistica</quickinfo>
    </ACCOUNT>
    <ACCOUNT username="user2">
        <quickinfo>executive</quickinfo>
        <quickinfo>qwe</quickinfo>
        <quickinfo>Utente2</quickinfo>
        <quickinfo>Ut2</quickinfo>
        <quickinfo>0</quickinfo>
        <quickinfo>venezia</quickinfo>
        <quickinfo>via utente 25</quickinfo>
        <quickinfo>user2@user.it</quickinfo>
        <quickinfo>marketing</quickinfo>
        <quickinfo>Ampliare le mie conoscenze in vista di un'occupazione nel settore</quickinfo>
        <quickinfo>416530800</quickinfo>
        <quickinfo>1315300076</quickinfo>
        <quickinfo></quickinfo>
        <quickinfo></quickinfo>
        <quickinfo>Gestione aziendale, ottimizzazione delle vendite, market placing dei prodotti</quickinfo>
    </ACCOUNT>
    <ACCOUNT username="qwe">
        <quickinfo>basic</quickinfo>
        <quickinfo>qwe</quickinfo>
        <quickinfo>qweqweqw</quickinfo>
        <quickinfo>qweqweqwe</quickinfo>
        <quickinfo>0</quickinfo>
        <quickinfo>qwe</quickinfo>
        <quickinfo>qwe</quickinfo>
        <quickinfo>qwe</quickinfo>
        <quickinfo>qweqweqwe</quickinfo>
        <quickinfo>qwe</quickinfo>
        <quickinfo>685153400</quickinfo>
        <quickinfo>1316357761</quickinfo>
        <quickinfo></quickinfo>
        <quickinfo></quickinfo>
        <quickinfo></quickinfo>
    </ACCOUNT>
    <AZIENDA nome="Z-Computers" admin="user1">
        <azinfo>padova</azinfo>
        <azinfo>via ititit 12</azinfo>
        <azinfo>informatica</azinfo>
        <azinfo>Negozio computer - hardware - accessori.</azinfo>
        <azinfo>s.p.a</azinfo>
        <azinfo>&lt; 10</azinfo>
        <azinfo>www.zcpi.it</azinfo>
        <azinfo>12345678</azinfo>
        <azinfo>zcpi.alice.it</azinfo>
    </AZIENDA>
    <AZIENDA nome="W-Marketing" admin="user2">
        <azinfo>Venezia</azinfo>
        <azinfo>via del mercato 11</azinfo>
        <azinfo>marketing</azinfo>
        <azinfo>Consulenza aziedale, assistenza alle piccole-medie aziende nell'inserimento nel mercato</azinfo>
        <azinfo>s.r.l</azinfo>
        <azinfo>Da 10 a 30</azinfo>
        <azinfo>www.lololo.it</azinfo>
        <azinfo>12334</azinfo>
        <azinfo></azinfo>
    </AZIENDA>
    <EXP utente="Sech">
        <azienda inizio="1212279800" fine="1217550200" descrizione="Sviluppo software gestionale in linguaggio Visual FoxPro. In particolare, porting del database da proprietario a un sistema MySQL" nomeente="Vision SH" titolo="stagista" ruolo="programmatore"/>
        <azienda inizio="1180657400" fine="1185927800" descrizione="Riparazione computer, assistenza, installazione software" nomeente="Nettunia s.p.a" titolo="stagista" ruolo="aiutante"/>
    </EXP>
    <EXP utente="user1">
        <azienda inizio="1041384200" fine="0" descrizione="Proprietario e amministratore del negozio Z-Computers." nomeente="Z-Computers" titolo="Dirigente" ruolo="Amministratore Capo"/>
    </EXP>
    <EXP utente="user2">
        <azienda inizio="1009848200" fine="1072920200" descrizione="Specializzazione e Master in gestione di imprese" nomeente="Università degli studi di padova" titolo="studente" ruolo="studente"/>
        <azienda inizio="915153800" fine="1009848200" descrizione="Laurea in informatica con voto 100" nomeente="Università degli Studi di Padova" titolo="studente" ruolo="studente"/>
        <azienda inizio="8599" fine="0" descrizione="qwe" nomeente="WebMark" titolo="" ruolo=""/>
    </EXP>
    <SEGN utente="user1">
        <messaggio autore="user2" oggetto="Consigliato!" testo="Grande mente con il senso degli affari!" data="1315303609"/>
        <messaggio autore="Sech" oggetto="Compagni di scuola" testo="User1 è stato un ottimo compagno di studi all'università, di grande impegno e talento!" data="1315274575"/>
    </SEGN>
    <SEGN utente="Sech">
        <messaggio autore="user2" oggetto="Nota di merito" testo="Bravo lavoratore, puntuale e veloce nello svolgimento delle mansioni. Rapido apprendimento dei compiti e capacità di autogestione" data="1315389840"/>
    </SEGN>
    <OFFERTA id="1">
        <info proprietario="user2" azienda="W-Marketing" tit="Programmatore php" reg="Venezia" ind="via sasso 12" sett="informatica" desc="Sviluppo di siti internet con linguaggio php integrato con database MySql, per aziende nostre affiliate e per clienti" gio="Completa" esp="Il candidato deve aver conseguito il diploma di maturità in un istituto tecnico, avere buone conoscenze del sistema operativo Linux e confidenza con il pacchetto LAMP. Almeno un anno di esperienza è gradito." creaz="1315301291" spec="Stipendio da 1100 a 1700 € mensili a seconda delle effettive capacità. Inviare curriculum all'indirizzo email assunzioni@webmark.com"/>
        <candidato>Sech</candidato>
    </OFFERTA>
    <OFFERTA id="2">
        <info proprietario="user2" azienda="W-Marketing" tit="analista di mercato" reg="Venezia" ind="via trololo 11" sett="marketing" desc="Esperto analista per consulenza investimenti e gestione del capitale" gio="Completa" esp="Laurea triennale in Economia e minimo 3 anni di esperienza pregressa" creaz="1315302493" spec="Contattare solo se veramente interessati"/>
        <candidato>Sech</candidato>
    </OFFERTA>
    <GRUPPO nome="FIUP" admin="Sech">
        <groupinfo>Futuri Informatici Università di Padova: Gruppo di scambio idee, informazioni, aiuto</groupinfo>
        <groupinfo>informatica</groupinfo>
        <groupinfo>1315246227</groupinfo>
        <groupinfo>www.fiup.it</groupinfo>
        <iscritto>Sech</iscritto>
        <iscritto>user1</iscritto>
        <iscritto>user2</iscritto>
        <DISCUSSIONE creatore="Sech" titolo="Progetto Legami: Suggerimenti per l'orale?" data="1315272749">
            <messaggio autore="user1" oggetto="" data="1315274784">Servirebbero anche a me, nessuno sa dire qualcosa?</messaggio>
            <messaggio autore="user2" oggetto="" data="1315303278">Ah, mi ricordo di quell'esame quando ero all'università! :)</messaggio>
        </DISCUSSIONE>
        <DISCUSSIONE creatore="user2" titolo="Calcolo numerico: Sono stati pubblicati i risultati dell'appello con le relative soluzioni! Dateci un'occhiata!" data="1315303390"/>
    </GRUPPO>
    <COLLEGAMENTO proprietario="user1">
        <azienda>Z-Computers</azienda>
    </COLLEGAMENTO>
    <COLLEGAMENTO proprietario="Sech">
        <utente tag="-senza tag-">user1</utente>
    </COLLEGAMENTO>
    <COLLEGAMENTO proprietario="user2">
        <utente tag="amico">user1</utente>
        <utente tag="università">Sech</utente>
        <azienda>W-Marketing</azienda>
    </COLLEGAMENTO>
    <COLLEGAMENTO proprietario="admin">
        <utente tag="qwe">qwe</utente>
        <azienda>W-Marketing</azienda>
    </COLLEGAMENTO>
</legami>
