<?xml version="1.0" encoding="UTF-8"?>
<!--Don't edit!-->
<norvarads>
    <defense>
        <health>555</health>
        <damageTaken>0</damageTaken>
        <name>pippo</name>
        <armorLevel>45</armorLevel>
    </defense>
    <attack>
        <health>780</health>
        <damageTaken>0</damageTaken>
        <name>pluto</name>
        <attackPower>430</attackPower>
    </attack>
    <master>
        <health>450</health>
        <damageTaken>570</damageTaken>
        <name>dead</name>
        <attackPower>390</attackPower>
        <armorLevel>70</armorLevel>
    </master>
    <master>
        <health>879</health>
        <damageTaken>0</damageTaken>
        <name>alive</name>
        <attackPower>768</attackPower>
        <armorLevel>56</armorLevel>
    </master>
    <evo>
        <health>345</health>
        <damageTaken>0</damageTaken>
        <name>paperino</name>
        <armorLevel>80</armorLevel>
    </evo>
    <confused>
        <health>899</health>
        <damageTaken>0</damageTaken>
        <name>paperoga</name>
        <attackPower>399</attackPower>
    </confused>
    <defense>
        <health>456</health>
        <damageTaken>0</damageTaken>
        <name>gianni</name>
        <armorLevel>24</armorLevel>
    </defense>
    <attack>
        <health>567</health>
        <damageTaken>0</damageTaken>
        <name>mario</name>
        <attackPower>45</attackPower>
    </attack>
    <master>
        <health>589</health>
        <damageTaken>0</damageTaken>
        <name>rossi</name>
        <attackPower>478</attackPower>
        <armorLevel>55</armorLevel>
    </master>
    <evo>
        <health>659</health>
        <damageTaken>0</damageTaken>
        <name>minnie</name>
        <armorLevel>25</armorLevel>
    </evo>
    <confused>
        <health>250</health>
        <damageTaken>0</damageTaken>
        <name>pelikan</name>
        <attackPower>159</attackPower>
    </confused>
</norvarads>
