<?xml version="1.0" encoding="UTF-8"?>
<QCharts>
    <CdDigitale>
        <Titolo>Curtain Call</Titolo>
        <Artista>Eminem</Artista>
        <Numero>16</Numero>
        <CostoUnitario>5</CostoUnitario>
    </CdDigitale>
    <CdCorriere>
        <Titolo>21</Titolo>
        <Artista>Adele</Artista>
        <Numero>8</Numero>
        <Costo>14</Costo>
        <CostoTrasporto>4</CostoTrasporto>
    </CdCorriere>
    <CdFisico>
        <Titolo>Tha Carter III</Titolo>
        <Artista>Lil Wayne</Artista>
        <Numero>13</Numero>
        <Costo>20</Costo>
    </CdFisico>
    <CdDigitale>
        <Titolo>La Seson Cubana</Titolo>
        <Artista>Zucchero</Artista>
        <Numero>7</Numero>
        <CostoUnitario>1.99</CostoUnitario>
    </CdDigitale>
    <CdCorriere>
        <Titolo>I Am Sasha Fierce</Titolo>
        <Artista>Beyonce</Artista>
        <Numero>13</Numero>
        <Costo>13</Costo>
        <CostoTrasporto>5</CostoTrasporto>
    </CdCorriere>
    <CdCorriere>
        <Titolo>The E.N.D.</Titolo>
        <Artista>The Black Eyed Peas</Artista>
        <Numero>11</Numero>
        <Costo>16</Costo>
        <CostoTrasporto>14</CostoTrasporto>
    </CdCorriere>
    <CdDigitale>
        <Titolo>The Kingdom Come</Titolo>
        <Artista>Jay-Z</Artista>
        <Numero>9</Numero>
        <CostoUnitario>1</CostoUnitario>
    </CdDigitale>
    <CdCorriere>
        <Titolo>One Of The Boys</Titolo>
        <Artista>Katy Perry</Artista>
        <Numero>17</Numero>
        <Costo>12</Costo>
        <CostoTrasporto>7</CostoTrasporto>
    </CdCorriere>
    <CdFisico>
        <Titolo>Graffiti</Titolo>
        <Artista>Chris Brown</Artista>
        <Numero>22</Numero>
        <Costo>22</Costo>
    </CdFisico>
    <CdCorriere>
        <Titolo>Primo Tempo</Titolo>
        <Artista>Ligabue</Artista>
        <Numero>13</Numero>
        <Costo>48</Costo>
        <CostoTrasporto>5</CostoTrasporto>
    </CdCorriere>
    <CdDigitale>
        <Titolo>Secondo Tempo</Titolo>
        <Artista>Ligabue</Artista>
        <Numero>6</Numero>
        <CostoUnitario>1</CostoUnitario>
    </CdDigitale>
    <CdCorriere>
        <Titolo>Jovanotti</Titolo>
        <Artista>Ora</Artista>
        <Numero>10</Numero>
        <Costo>13</Costo>
        <CostoTrasporto>9</CostoTrasporto>
    </CdCorriere>
    <CdFisico>
        <Titolo>Schiena</Titolo>
        <Artista>Emma</Artista>
        <Numero>14</Numero>
        <Costo>13</Costo>
    </CdFisico>
    <CdCorriere>
        <Titolo>Amo</Titolo>
        <Artista>RenatoZero</Artista>
        <Numero>12</Numero>
        <Costo>8</Costo>
        <CostoTrasporto>8</CostoTrasporto>
    </CdCorriere>
    <CdDigitale>
        <Titolo>Graduation</Titolo>
        <Artista>Kanye West</Artista>
        <Numero>15</Numero>
        <CostoUnitario>3</CostoUnitario>
    </CdDigitale>
    <CdCorriere>
        <Titolo>Teenage Dream</Titolo>
        <Artista>Katy Perry</Artista>
        <Numero>8</Numero>
        <Costo>9</Costo>
        <CostoTrasporto>9</CostoTrasporto>
    </CdCorriere>
</QCharts>
