{
	"projectId": 1,
	"projectName":"progetto_di_prova",
	"lists" : [
		{
			"listId" : 1,
			"listName" : "Questa é una lista",
			"tasks" : [
				{
					"taskId" : 1,
					"taskType" : 1,
					"taskLabel" : "Task",
					"taskDescription" : "Task figlio di un TaskContainer",
					"taskEta" : "25.08.20 15:50:30",
					"taskParentId" : 2
				},
				{
					"taskId" : 2,
					"taskType" : 2,
					"taskLabel" : "Task(Container) con task \"figli\" annidati",
					"taskDescription" : "Task Container",
					"taskEta" : "25.08.2020 16:30:30",
					"taskParentId" : 0,
					"tasksIds" : [1, 3]
				},
				{
					"taskId" : 3,
					"taskType" : 3,
					"taskLabel" : "Task(Priority) con scadenza",
					"taskDescription" : "Task figlio di un TaskContainer",
					"taskEta" : "25.08.2020 16:30:30",
					"taskParentId" : 3,
					"taskPriority" : "03.08.2020 23:59:59"
				},
				{
					"taskId" : 4,
					"taskType" : 4,
					"taskLabel" : "Task(PriorityContainer) con scadenza e con task \"figli\" annidati",
					"taskDescription" : "TaskPriorityContainer",
					"taskEta" : "25.08.20 16:30:30",
					"taskParentId" : 0,
					"taskPriority" : "03.08.2020 23:59:59",
					"tasksIds" : []
				}
			]
		},{
			"listId" : 2,
			"listName" : "Questa é una seconda lista",
			"tasks" : [
				{
					"taskId" : 5,
					"taskType" : 1,
					"taskLabel" : "Task",
					"taskDescription" : "Task figlio di un TaskPriorityContainer",
					"taskEta" : "25.08.20 15:50:30",
					"taskParentId" : 8
				},
				{
					"taskId" : 6,
					"taskType" : 2,
					"taskLabel" : "Task(Container) con task \"figli\" annidati",
					"taskDescription" : "Task Container",
					"taskEta" : "25.08.2020 16:30:30",
					"taskParentId" : 0,
					"tasksIds" : [9, 10]
				},
				{
					"taskId" : 7,
					"taskType" : 3,
					"taskLabel" : "Task(Priority) con scadenza",
					"taskDescription" : "Task figlio di un TaskPriorityContainer",
					"taskEta" : "25.08.2020 16:30:30",
					"taskParentId" : 8,
					"taskPriority" : "03.08.2020 23:59:59"
				},
				{
					"taskId" : 8,
					"taskType" : 4,
					"taskLabel" : "Task(PriorityContainer) con scadenza e con task \"figli\" annidati",
					"taskDescription" : "TaskPriorityContainer",
					"taskEta" : "25.08.20 16:30:30",
					"taskParentId" : 0,
					"taskPriority" : "03.08.2020 23:59:59",
					"tasksIds" : [5, 7]
				}
			]
		},
		{
			"listId" : 3,
			"listName" : "Questa é una terza lista",
			"tasks" : [
				{
					"taskId" : 9,
					"taskType" : 1,
					"taskLabel" : "Task",
					"taskDescription" : "Task figlio di un TaskContainer",
					"taskEta" : "25.08.20 15:50:30",
					"taskParentId" : 6
				},
				{
					"taskId" : 10,
					"taskType" : 2,
					"taskLabel" : "Task(Container) con task \"figli\" annidati",
					"taskDescription" : "Task figlio di un TaskContainer",
					"taskEta" : "25.08.2020 16:30:30",
					"taskParentId" : 6,
					"tasksIds" : []
				},
				{
					"taskId" : 11,
					"taskType" : 3,
					"taskLabel" : "Task(Priority) con scadenza",
					"taskDescription" : "Task figlio di un TaskContainer",
					"taskEta" : "25.08.2020 16:30:30",
					"taskParentId" : 12,
					"taskPriority" : "03.08.2020 23:59:59"
				},
				{
					"taskId" : 12,
					"taskType" : 4,
					"taskLabel" : "Task(PriorityContainer) con scadenza e con task \"figli\" annidati",
					"taskDescription" : "TaskPriorityContainer",
					"taskEta" : "25.08.20 16:30:30",
					"taskParentId" : 0,
					"taskPriority" : "03.08.2020 23:59:59",
					"tasksIds" : [11]
				}
			]
		}
	]
}