<?xml version="1.0" encoding="UTF-8"?>
<comment version="3.0">
  <caption>636373982</caption>
  <note>Empty parking lots, aerial view.</note>
  <place/>
  <categories>
    <category value="Deck"/>
    <category value="No People"/>
    <category value="Dividing Line"/>
    <category value="Parking"/>
    <category value="Abstract"/>
    <category value="Arranging"/>
    <category value="Concrete"/>
    <category value="Asphalt"/>
    <category value="Shopping"/>
    <category value="Sidewalk"/>
    <category value="Organization"/>
    <category value="Backgrounds"/>
    <category value="Green Color"/>
    <category value="Black Color"/>
    <category value="Pattern"/>
    <category value="Empty"/>
    <category value="Business"/>
    <category value="Transportation"/>
    <category value="Urban Scene"/>
    <category value="Outdoors"/>
    <category value="Textured Effect"/>
    <category value="Aerial View"/>
    <category value="High Angle View"/>
    <category value="Rowing"/>
    <category value="Space"/>
    <category value="Sky"/>
    <category value="Street"/>
    <category value="Road"/>
    <category value="Parking Lot"/>
    <category value="Built Structure"/>
    <category value="City"/>
    <category value="Car"/>
    <category value="Land Vehicle"/>
    <category value="Lot"/>
    <category value="Drone"/>
  </categories>
</comment>
