<?xml version="1.0" encoding="UTF-8"?>
<allenamenti>
    <nuoto>
        <atleta>
            <nome>Andrea</nome>
            <cognome>Favero</cognome>
            <sesso>false</sesso>
        </atleta>
        <durata>45</durata>
        <data>
            <y>2019</y>
            <m>1</m>
            <d>1</d>
        </data>
        <magnesio>10</magnesio>
        <stile>50</stile>
        <rana>2</rana>
        <dorso>20</dorso>
    </nuoto>
    <nuoto>
        <atleta>
            <nome>Andrea</nome>
            <cognome>Favero</cognome>
            <sesso>false</sesso>
        </atleta>
        <durata>45</durata>
        <data>
            <y>2019</y>
            <m>6</m>
            <d>5</d>
        </data>
        <magnesio>10</magnesio>
        <stile>100</stile>
        <rana>2</rana>
        <dorso>0</dorso>
    </nuoto>
    <nuoto>
        <atleta>
            <nome>Margherita</nome>
            <cognome>Panziera</cognome>
            <sesso>true</sesso>
        </atleta>
        <durata>360</durata>
        <data>
            <y>2019</y>
            <m>6</m>
            <d>5</d>
        </data>
        <magnesio>10</magnesio>
        <stile>2</stile>
        <rana>0</rana>
        <dorso>400</dorso>
    </nuoto>
    <ciclismo>
        <atleta>
            <nome>Vincenzo</nome>
            <cognome>Nibali</cognome>
            <sesso>false</sesso>
        </atleta>
        <durata>360</durata>
        <data>
            <y>2019</y>
            <m>6</m>
            <d>5</d>
        </data>
        <magnesio>10</magnesio>
        <salita>40</salita>
        <discesa>20</discesa>
        <pianura>10</pianura>
    </ciclismo>
    <corsa>
        <atleta>
            <nome>Filippo</nome>
            <cognome>Tortu</cognome>
            <sesso>false</sesso>
        </atleta>
        <durata>360</durata>
        <data>
            <y>2018</y>
            <m>1</m>
            <d>2</d>
        </data>
        <magnesio>30</magnesio>
        <sterrato>5</sterrato>
        <strada>8</strada>
    </corsa>
    <triathlon>
        <atleta>
            <nome>Laurence</nome>
            <cognome>Quinto</cognome>
            <sesso>false</sesso>
        </atleta>
        <durata>360</durata>
        <data>
            <y>2019</y>
            <m>2</m>
            <d>1</d>
        </data>
        <magnesio>10</magnesio>
        <stile>50</stile>
        <rana>2</rana>
        <dorso>20</dorso>
        <salita>10</salita>
        <discesa>8</discesa>
        <pianura>5</pianura>
        <sterrato>40</sterrato>
        <strada>20</strada>
    </triathlon>
    <ciclismo>
        <atleta>
            <nome>Andrea</nome>
            <cognome>Favero</cognome>
            <sesso>false</sesso>
        </atleta>
        <durata>1</durata>
        <data>
            <y>2019</y>
            <m>7</m>
            <d>6</d>
        </data>
        <magnesio>0</magnesio>
        <salita>1</salita>
        <discesa>0</discesa>
        <pianura>0</pianura>
    </ciclismo>
    <corsa>
        <atleta>
            <nome>Andrea</nome>
            <cognome>Favero</cognome>
            <sesso>false</sesso>
        </atleta>
        <durata>1</durata>
        <data>
            <y>2019</y>
            <m>7</m>
            <d>6</d>
        </data>
        <magnesio>0</magnesio>
        <sterrato>121</sterrato>
        <strada>1</strada>
    </corsa>
    <nuoto>
        <atleta>
            <nome>Andrea</nome>
            <cognome>Favero</cognome>
            <sesso>false</sesso>
        </atleta>
        <durata>1</durata>
        <data>
            <y>2019</y>
            <m>7</m>
            <d>6</d>
        </data>
        <magnesio>0</magnesio>
        <stile>122</stile>
        <rana>90</rana>
        <dorso>112</dorso>
    </nuoto>
</allenamenti>
